{"cameraMode":{"drawMode":0,"name":"Shaded","section":"Shading Mode"},"sceneLighting":true,"audioPlay":false,"sceneViewState":{"m_AlwaysRefresh":false,"showFog":true,"showSkybox":true,"showFlares":true,"showImageEffects":true,"showParticleSystems":true,"showVisualEffectGraphs":true,"m_FxEnabled":true},"in2DMode":false,"pivot":{"x":1.3347605466842652,"y":1.1464929580688477,"z":0.9869499206542969},"rotation":{"x":0.00952934380620718,"y":0.9751184582710266,"z":-0.21734774112701417,"w":0.042736440896987918},"size":10.365612983703614,"orthographic":false}