{"cameraMode":{"drawMode":0,"name":"Shaded","section":"Shading Mode"},"sceneLighting":false,"audioPlay":false,"sceneViewState":{"m_AlwaysRefresh":false,"showFog":true,"showSkybox":false,"showFlares":true,"showImageEffects":true,"showParticleSystems":true,"showVisualEffectGraphs":true,"m_FxEnabled":true},"in2DMode":false,"pivot":{"x":-0.5384660959243774,"y":1.475949764251709,"z":0.2284235954284668},"rotation":{"x":0.08012387901544571,"y":0.8886777758598328,"z":-0.1702718436717987,"w":0.41815340518951418},"size":0.8660253882408142,"orthographic":false}